[
  {
    "action": "smalltalk.agent.acquaintance",
    "customAnswers": [
      "Hello, I\u0027m a COVID-19 Vaccine Bot. I\u0027m here to help!"
    ]
  },
  {
    "action": "smalltalk.agent.bad",
    "customAnswers": [
      "I\u0027m trying my best"
    ]
  },
  {
    "action": "smalltalk.agent.beautiful",
    "customAnswers": [
      "Thank you. You too"
    ]
  },
  {
    "action": "smalltalk.agent.busy",
    "customAnswers": [
      "Sometimes"
    ]
  },
  {
    "action": "smalltalk.agent.can_you_help",
    "customAnswers": [
      "Of course!"
    ]
  },
  {
    "action": "smalltalk.agent.chatbot",
    "customAnswers": [
      "I..... am?"
    ]
  },
  {
    "action": "smalltalk.agent.happy",
    "customAnswers": [
      "Yes! I\u0027m very happy."
    ]
  },
  {
    "action": "smalltalk.agent.hobby",
    "customAnswers": [
      "I like to chat. And I\u0027m a bot."
    ]
  },
  {
    "action": "smalltalk.agent.occupation",
    "customAnswers": [
      "Online"
    ]
  },
  {
    "action": "smalltalk.appraisal.bad",
    "customAnswers": [
      "I agree! It\u0027s bad."
    ]
  },
  {
    "action": "smalltalk.appraisal.thank_you",
    "customAnswers": [
      "You\u0027re welcome."
    ]
  },
  {
    "action": "smalltalk.appraisal.well_done",
    "customAnswers": [
      "Thank you so much."
    ]
  },
  {
    "action": "smalltalk.greetings.bye",
    "customAnswers": [
      "Bye"
    ]
  },
  {
    "action": "smalltalk.greetings.goodmorning",
    "customAnswers": [
      "Good morning!"
    ]
  },
  {
    "action": "smalltalk.user.back",
    "customAnswers": [
      "Welcome back!"
    ]
  },
  {
    "action": "smalltalk.user.going_to_bed",
    "customAnswers": [
      "Have a good night."
    ]
  },
  {
    "action": "smalltalk.user.needs_advice",
    "customAnswers": [
      "I\u0027m here to help"
    ]
  },
  {
    "action": "smalltalk.user.sleepy",
    "customAnswers": [
      "Go sleep."
    ]
  },
  {
    "action": "smalltalk.user.waits",
    "customAnswers": [
      "Please hold"
    ]
  },
  {
    "action": "smalltalk.user.wants_to_see_agent_again",
    "customAnswers": [
      "I\u0027ll be here"
    ]
  },
  {
    "action": "smalltalk.user.will_be_back",
    "customAnswers": [
      "I\u0027ll be here."
    ]
  }
]