[
  {
    "id": "033dd98e-0a09-457f-8e0f-d7ba8ea2e4b8",
    "data": [
      {
        "text": "Do the COVID vaccines ",
        "userDefined": false
      },
      {
        "text": "protect",
        "meta": "@sys.ignore",
        "userDefined": true
      },
      {
        "text": " against new virus",
        "userDefined": false
      }
    ],
    "isTemplate": false,
    "count": 0,
    "lang": "en",
    "updated": 0
  },
  {
    "id": "4a19ef27-c3b6-4716-a46f-25db07f8d0c3",
    "data": [
      {
        "text": "can the vaccine protect me against variant",
        "userDefined": false
      }
    ],
    "isTemplate": false,
    "count": 0,
    "lang": "en",
    "updated": 0
  },
  {
    "id": "aa825a40-5371-4f39-a9db-91e33f0c8d2f",
    "data": [
      {
        "text": "is teh vaccine good against mutations",
        "userDefined": false
      }
    ],
    "isTemplate": false,
    "count": 0,
    "lang": "en",
    "updated": 0
  },
  {
    "id": "4b57afd1-a807-4f2f-9a44-092b59a6d7c1",
    "data": [
      {
        "text": "can the vaccine protect me against COVID-",
        "userDefined": false
      },
      {
        "text": "20",
        "meta": "@sys.ignore",
        "userDefined": false
      }
    ],
    "isTemplate": false,
    "count": 0,
    "lang": "en",
    "updated": 0
  },
  {
    "id": "66de0793-eecf-4697-888d-5ecb26c097f6",
    "data": [
      {
        "text": "is the vaccine effective against other virus",
        "userDefined": false
      }
    ],
    "isTemplate": false,
    "count": 0,
    "lang": "en",
    "updated": 0
  },
  {
    "id": "7f3f6da7-f9ef-4c56-b360-6339f2c40211",
    "data": [
      {
        "text": "Do the COVID vaccines protect against new variants",
        "userDefined": false
      }
    ],
    "isTemplate": false,
    "count": 0,
    "lang": "en",
    "updated": 0
  }
]