[
  {
    "id": "bca6b483-b371-4904-b777-cdd9347cc401",
    "data": [
      {
        "text": "is it safe for teens",
        "userDefined": false
      }
    ],
    "isTemplate": false,
    "count": 0,
    "lang": "en",
    "updated": 0
  },
  {
    "id": "25f6465a-170c-4146-a0fb-9699955b39db",
    "data": [
      {
        "text": "is it safe for children",
        "userDefined": false
      }
    ],
    "isTemplate": false,
    "count": 0,
    "lang": "en",
    "updated": 0
  },
  {
    "id": "a642c4ee-81fb-4168-9f98-5a277b87904b",
    "data": [
      {
        "text": "is the vaccine safe for my kid",
        "userDefined": false
      }
    ],
    "isTemplate": false,
    "count": 0,
    "lang": "en",
    "updated": 0
  },
  {
    "id": "8db353c2-1292-49ad-9e0e-59aef31d2b56",
    "data": [
      {
        "text": "is the vaccine available for kids",
        "userDefined": false
      }
    ],
    "isTemplate": false,
    "count": 0,
    "lang": "en",
    "updated": 0
  },
  {
    "id": "7215fe2f-b90e-469b-8d79-5ce3af5eb76e",
    "data": [
      {
        "text": "Can my child get the vaccine",
        "userDefined": false
      }
    ],
    "isTemplate": false,
    "count": 0,
    "lang": "en",
    "updated": 0
  }
]