[
  {
    "id": "d8b13f3b-e9b2-4629-b261-03e167270826",
    "data": [
      {
        "text": "Who will pay for the vaccine",
        "userDefined": false
      }
    ],
    "isTemplate": false,
    "count": 0,
    "lang": "en",
    "updated": 0
  },
  {
    "id": "7d2df246-3fca-4eb0-98d8-4e7083546555",
    "data": [
      {
        "text": "Can I afford the vaccine",
        "userDefined": false
      }
    ],
    "isTemplate": false,
    "count": 0,
    "lang": "en",
    "updated": 0
  },
  {
    "id": "e3b2bfdc-bd8c-49a3-b9ce-0e833f55ac33",
    "data": [
      {
        "text": "How can I afford the vaccine",
        "userDefined": false
      }
    ],
    "isTemplate": false,
    "count": 0,
    "lang": "en",
    "updated": 0
  },
  {
    "id": "ee32f857-2f0e-4691-9417-7736223a9575",
    "data": [
      {
        "text": "Do I have to pay for the vaccine",
        "userDefined": false
      }
    ],
    "isTemplate": false,
    "count": 0,
    "lang": "en",
    "updated": 0
  },
  {
    "id": "40afa5a0-2c14-4178-90a3-34865ea5656e",
    "data": [
      {
        "text": "How much does the vaccine cost",
        "userDefined": false
      }
    ],
    "isTemplate": false,
    "count": 0,
    "lang": "en",
    "updated": 0
  }
]