[
  {
    "id": "f708f5f5-7284-43a5-b802-7bece307dd88",
    "data": [
      {
        "text": "does it works",
        "userDefined": false
      }
    ],
    "isTemplate": false,
    "count": 0,
    "lang": "en",
    "updated": 0
  },
  {
    "id": "3da0f25c-01db-4b84-a13f-1df6e04ea9d2",
    "data": [
      {
        "text": "how effective is teh vaccine",
        "userDefined": false
      }
    ],
    "isTemplate": false,
    "count": 0,
    "lang": "en",
    "updated": 0
  },
  {
    "id": "ac51c9e6-d5c3-47fd-bc52-a2854209747a",
    "data": [
      {
        "text": "is the vaccine effective",
        "userDefined": false
      }
    ],
    "isTemplate": false,
    "count": 0,
    "lang": "en",
    "updated": 0
  },
  {
    "id": "5809c079-78d4-4f05-92b5-4781363cc3df",
    "data": [
      {
        "text": "is it effective",
        "userDefined": false
      }
    ],
    "isTemplate": false,
    "count": 0,
    "lang": "en",
    "updated": 0
  },
  {
    "id": "270e3fd8-e987-4f6e-b8de-d9955cf3aaa7",
    "data": [
      {
        "text": "how well it works",
        "userDefined": false
      }
    ],
    "isTemplate": false,
    "count": 0,
    "lang": "en",
    "updated": 0
  }
]