[
  {
    "id": "a11a9426-6628-4d35-998b-62bb223f52fd",
    "data": [
      {
        "text": "will employees be forced to get COVID",
        "userDefined": false
      },
      {
        "text": "-19",
        "meta": "@sys.ignore",
        "userDefined": false
      },
      {
        "text": " vaccine",
        "userDefined": false
      }
    ],
    "isTemplate": false,
    "count": 0,
    "lang": "en",
    "updated": 0
  },
  {
    "id": "e2f35cda-87bd-4bfd-8221-ab8105e7734f",
    "data": [
      {
        "text": "is the vaccine mandatory",
        "userDefined": false
      }
    ],
    "isTemplate": false,
    "count": 0,
    "lang": "en",
    "updated": 0
  },
  {
    "id": "62374eaf-4ec1-4da6-b177-bf002dcb6a90",
    "data": [
      {
        "text": "Can my employer require that I get vaccinated",
        "userDefined": false
      }
    ],
    "isTemplate": false,
    "count": 0,
    "lang": "en",
    "updated": 0
  },
  {
    "id": "00426d81-89ff-428d-9e44-12f6887e0e23",
    "data": [
      {
        "text": "Can I be forced to get the vaccine",
        "userDefined": false
      }
    ],
    "isTemplate": false,
    "count": 0,
    "lang": "en",
    "updated": 0
  }
]