[
  {
    "id": "b8c45dcd-7a9e-4a61-b0f7-53a15b4de17c",
    "data": [
      {
        "text": "do I need a second dose",
        "userDefined": false
      }
    ],
    "isTemplate": false,
    "count": 0,
    "lang": "en",
    "updated": 0
  },
  {
    "id": "4fd4a800-9e1f-4db4-8ed1-7747e96c0707",
    "data": [
      {
        "text": "second",
        "meta": "@sys.ignore",
        "userDefined": false
      },
      {
        "text": " dose",
        "userDefined": false
      }
    ],
    "isTemplate": false,
    "count": 0,
    "lang": "en",
    "updated": 0
  },
  {
    "id": "47ab2ffb-9cc7-481e-b1e1-d826aa28ce5b",
    "data": [
      {
        "text": "how many doses",
        "userDefined": false
      }
    ],
    "isTemplate": false,
    "count": 0,
    "lang": "en",
    "updated": 0
  },
  {
    "id": "4406daf5-1130-4681-85b6-9f2dbcc529a6",
    "data": [
      {
        "text": "how many",
        "userDefined": false
      }
    ],
    "isTemplate": false,
    "count": 0,
    "lang": "en",
    "updated": 0
  },
  {
    "id": "d64a925f-2727-4d6f-989c-5bbc2be86469",
    "data": [
      {
        "text": "how many trips do I need",
        "userDefined": false
      }
    ],
    "isTemplate": false,
    "count": 0,
    "lang": "en",
    "updated": 0
  },
  {
    "id": "519e51d6-658b-4144-94c9-bfaa9239f487",
    "data": [
      {
        "text": "how many trips",
        "userDefined": false
      }
    ],
    "isTemplate": false,
    "count": 0,
    "lang": "en",
    "updated": 0
  },
  {
    "id": "180eec23-09d2-470f-ae34-186ef095b000",
    "data": [
      {
        "text": "shots required",
        "userDefined": false
      }
    ],
    "isTemplate": false,
    "count": 0,
    "lang": "en",
    "updated": 0
  },
  {
    "id": "adba7cfb-bc7b-447e-864d-b53e795cdadf",
    "data": [
      {
        "text": "how many shots of the vaccine do I need",
        "userDefined": false
      }
    ],
    "isTemplate": false,
    "count": 0,
    "lang": "en",
    "updated": 0
  },
  {
    "id": "f99e0979-a75a-4d1c-b707-1a0555104bba",
    "data": [
      {
        "text": "how many shots",
        "userDefined": false
      }
    ],
    "isTemplate": false,
    "count": 0,
    "lang": "en",
    "updated": 0
  }
]