[
  {
    "id": "2641bcf8-8a88-4bee-9839-375eaf9cb617",
    "data": [
      {
        "text": "what is the vaccine made of",
        "userDefined": false
      }
    ],
    "isTemplate": false,
    "count": 0,
    "lang": "en",
    "updated": 0
  },
  {
    "id": "8cd1a2ee-5cff-4c49-871c-94b3fce6e9f8",
    "data": [
      {
        "text": "vaccine ingredients",
        "userDefined": false
      }
    ],
    "isTemplate": false,
    "count": 0,
    "lang": "en",
    "updated": 0
  },
  {
    "id": "db45da2a-8ad4-4b22-90a6-57ab63fb425d",
    "data": [
      {
        "text": "What is in the vaccine",
        "userDefined": false
      }
    ],
    "isTemplate": false,
    "count": 0,
    "lang": "en",
    "updated": 0
  },
  {
    "id": "c26c3bbc-48fc-41cd-aa4a-d6c89ded4bfe",
    "data": [
      {
        "text": "What are the ingredients in the vaccine",
        "userDefined": false
      }
    ],
    "isTemplate": false,
    "count": 0,
    "lang": "en",
    "updated": 0
  }
]