[
  {
    "id": "0a74bbfa-3541-4a8b-95ea-b3986fae88d2",
    "data": [
      {
        "text": "is it recommended to get it",
        "userDefined": false
      }
    ],
    "isTemplate": false,
    "count": 0,
    "lang": "en",
    "updated": 0
  },
  {
    "id": "010cc4e3-7f0f-49e3-86c3-63e49fdec3aa",
    "data": [
      {
        "text": "is it really necessary to get teh vaccine",
        "userDefined": false
      }
    ],
    "isTemplate": false,
    "count": 0,
    "lang": "en",
    "updated": 0
  },
  {
    "id": "589bac76-18b4-4a72-8275-18cbf32bae02",
    "data": [
      {
        "text": "do I really need it",
        "userDefined": false
      }
    ],
    "isTemplate": false,
    "count": 0,
    "lang": "en",
    "updated": 0
  },
  {
    "id": "1a5b4944-df28-4b68-a140-de38adeaca67",
    "data": [
      {
        "text": "is teh vaccine needed",
        "userDefined": false
      }
    ],
    "isTemplate": false,
    "count": 0,
    "lang": "en",
    "updated": 0
  },
  {
    "id": "0be06ca0-791f-4203-8a7e-88ef1a75b37f",
    "data": [
      {
        "text": "Do I need the vaccine?",
        "userDefined": false
      }
    ],
    "isTemplate": false,
    "count": 0,
    "lang": "en",
    "updated": 0
  }
]