[
  {
    "id": "97f7d26b-307d-45c5-a856-0115f9a72d9b",
    "data": [
      {
        "text": "can I still get the vaccine if I am feeling sick",
        "userDefined": false
      }
    ],
    "isTemplate": false,
    "count": 0,
    "lang": "en",
    "updated": 0
  },
  {
    "id": "db43c333-2214-4eaa-810e-ca258ccec8ae",
    "data": [
      {
        "text": "Can I still get the vaccine if I have a fever",
        "userDefined": false
      }
    ],
    "isTemplate": false,
    "count": 0,
    "lang": "en",
    "updated": 0
  },
  {
    "id": "2833e10c-2632-48b4-a297-f452f79aa7cb",
    "data": [
      {
        "text": "Can I still get the vaccine if I have covid",
        "userDefined": false
      }
    ],
    "isTemplate": false,
    "count": 0,
    "lang": "en",
    "updated": 0
  },
  {
    "id": "f603e5d8-108e-499e-9bb4-fa28794fcf8a",
    "data": [
      {
        "text": "I have a fever",
        "userDefined": false
      }
    ],
    "isTemplate": false,
    "count": 0,
    "lang": "en",
    "updated": 0
  },
  {
    "id": "d1654fa0-1f3e-4328-aa87-2b082e397d3a",
    "data": [
      {
        "text": "I am sick right now , can I still get the vaccine",
        "userDefined": false
      }
    ],
    "isTemplate": false,
    "count": 0,
    "lang": "en",
    "updated": 0
  },
  {
    "id": "4a339e88-a65a-40d5-ba38-f1c86c8c4b8e",
    "data": [
      {
        "text": "I think I might have covid",
        "userDefined": false
      }
    ],
    "isTemplate": false,
    "count": 0,
    "lang": "en",
    "updated": 0
  },
  {
    "id": "a3793d52-9b1f-4cff-968e-2d370174f8b4",
    "data": [
      {
        "text": "I do not feel well right now",
        "userDefined": false
      }
    ],
    "isTemplate": false,
    "count": 0,
    "lang": "en",
    "updated": 0
  },
  {
    "id": "880107f7-6180-4aaf-abb2-06bead43e446",
    "data": [
      {
        "text": "I am feeling sick right now",
        "userDefined": false
      }
    ],
    "isTemplate": false,
    "count": 0,
    "lang": "en",
    "updated": 0
  }
]