[
  {
    "id": "eccc5e3f-5605-4915-a939-544d71b3da98",
    "data": [
      {
        "text": "is there an alternative to the vaccine",
        "userDefined": false
      }
    ],
    "isTemplate": false,
    "count": 0,
    "lang": "en",
    "updated": 0
  },
  {
    "id": "46bc550a-d957-42e9-8a31-4533ac8756f9",
    "data": [
      {
        "text": "do we have any other alternative",
        "userDefined": false
      }
    ],
    "isTemplate": false,
    "count": 0,
    "lang": "en",
    "updated": 0
  },
  {
    "id": "17ee55bf-2afd-4b43-8fbc-7fea827cb4e6",
    "data": [
      {
        "text": "do we have another vaccine",
        "userDefined": false
      }
    ],
    "isTemplate": false,
    "count": 0,
    "lang": "en",
    "updated": 0
  },
  {
    "id": "46c5eb8d-ff59-4113-b8ef-4c97da1fca56",
    "data": [
      {
        "text": "can I try something different",
        "userDefined": false
      }
    ],
    "isTemplate": false,
    "count": 0,
    "lang": "en",
    "updated": 0
  },
  {
    "id": "0b5a703e-0ffd-4b7e-b6e0-d3769564c37a",
    "data": [
      {
        "text": "does a different vaccine exist",
        "userDefined": false
      }
    ],
    "isTemplate": false,
    "count": 0,
    "lang": "en",
    "updated": 0
  },
  {
    "id": "acdd2f4f-15f0-4824-b652-51ea24b769f5",
    "data": [
      {
        "text": "Can I use any other vaccine",
        "userDefined": false
      }
    ],
    "isTemplate": false,
    "count": 0,
    "lang": "en",
    "updated": 0
  },
  {
    "id": "ae71e1d5-cae0-4279-a814-7ac4fbf2f51a",
    "data": [
      {
        "text": "will any other vaccine help me from COVID-",
        "userDefined": false
      },
      {
        "text": "19",
        "meta": "@sys.ignore",
        "userDefined": false
      }
    ],
    "isTemplate": false,
    "count": 0,
    "lang": "en",
    "updated": 0
  }
]