[
  {
    "id": "43bc19a0-18fd-4162-b9bf-853239ce7097",
    "data": [
      {
        "text": "Can I get the vaccine if I am pregnant",
        "userDefined": false
      }
    ],
    "isTemplate": false,
    "count": 0,
    "lang": "en",
    "updated": 0
  },
  {
    "id": "4547b3be-7e98-41b9-9c3c-8351ee464794",
    "data": [
      {
        "text": "If I am pregnant, can I get the vaccine",
        "userDefined": false
      }
    ],
    "isTemplate": false,
    "count": 0,
    "lang": "en",
    "updated": 0
  },
  {
    "id": "2219357e-434d-43df-a0a3-504a308b86d1",
    "data": [
      {
        "text": "I am pregnant",
        "userDefined": false
      }
    ],
    "isTemplate": false,
    "count": 0,
    "lang": "en",
    "updated": 0
  }
]