[
  {
    "id": "269792f4-b4d5-4a7d-be93-af8c1d71b549",
    "data": [
      {
        "text": "If I was already sick do I need to get the vaccine",
        "userDefined": false
      }
    ],
    "isTemplate": false,
    "count": 0,
    "lang": "en",
    "updated": 0
  },
  {
    "id": "eefd4a6a-1921-45b0-84f8-1044eb67d17d",
    "data": [
      {
        "text": "If I already had covid do I still need the vaccine",
        "userDefined": false
      }
    ],
    "isTemplate": false,
    "count": 0,
    "lang": "en",
    "updated": 0
  },
  {
    "id": "cb3e62e3-bee8-4fc4-88b3-2a331f9881a8",
    "data": [
      {
        "text": "If I have already had COVID-",
        "userDefined": false
      },
      {
        "text": "19",
        "meta": "@sys.ignore",
        "userDefined": false
      },
      {
        "text": " and recovered, do I still need to get vaccinated with a COVID-",
        "userDefined": false
      },
      {
        "text": "19",
        "meta": "@sys.ignore",
        "userDefined": false
      },
      {
        "text": " vaccine?",
        "userDefined": false
      }
    ],
    "isTemplate": false,
    "count": 0,
    "lang": "en",
    "updated": 0
  }
]