[
  {
    "id": "88ef5e31-2286-4046-b9fb-339702e15c9e",
    "data": [
      {
        "text": "How do we know that COVID-19 vaccines are safe?",
        "userDefined": false
      }
    ],
    "isTemplate": false,
    "count": 0,
    "lang": "en",
    "updated": 0
  },
  {
    "id": "2e193bb9-f123-4815-8d0e-2e8a8b4348a0",
    "data": [
      {
        "text": "How safe is the Covid-19 vaccine",
        "userDefined": false
      }
    ],
    "isTemplate": false,
    "count": 0,
    "lang": "en",
    "updated": 0
  },
  {
    "id": "5e257329-f8e2-4dc4-9a47-9dd6ab7feea6",
    "data": [
      {
        "text": "What are the risks of getting the Covid-",
        "userDefined": false
      },
      {
        "text": "19",
        "meta": "@sys.ignore",
        "userDefined": false
      },
      {
        "text": " vaccine",
        "userDefined": false
      }
    ],
    "isTemplate": false,
    "count": 0,
    "lang": "en",
    "updated": 0
  },
  {
    "id": "8a460216-a53a-4b5c-9919-8f49f2c8bdf2",
    "data": [
      {
        "text": "How safe is the vaccine",
        "userDefined": false
      }
    ],
    "isTemplate": false,
    "count": 0,
    "lang": "en",
    "updated": 0
  },
  {
    "id": "e28d4566-bc66-4cc1-abbb-0d467ce1b1be",
    "data": [
      {
        "text": "What are the risks of getting the ",
        "userDefined": false
      },
      {
        "text": "vaccine",
        "meta": "@sys.ignore",
        "userDefined": false
      }
    ],
    "isTemplate": false,
    "count": 0,
    "lang": "en",
    "updated": 0
  }
]