[
  {
    "id": "f7709672-72ba-4b8b-8a7f-4728c85ed8e8",
    "data": [
      {
        "text": "side effects",
        "userDefined": false
      }
    ],
    "isTemplate": false,
    "count": 0,
    "lang": "en",
    "updated": 0
  },
  {
    "id": "a90a8c61-f6dd-4294-83f5-a9312be96868",
    "data": [
      {
        "text": "any side effects",
        "userDefined": false
      }
    ],
    "isTemplate": false,
    "count": 0,
    "lang": "en",
    "updated": 0
  },
  {
    "id": "625aa3bf-865d-4182-87ec-2c07e7a06f9b",
    "data": [
      {
        "text": "What are the side effects of the vaccine",
        "userDefined": false
      }
    ],
    "isTemplate": false,
    "count": 0,
    "lang": "en",
    "updated": 0
  },
  {
    "id": "81386f33-570e-4eb6-9bee-d719c8f60fe5",
    "data": [
      {
        "text": "What are the side effects",
        "userDefined": false
      }
    ],
    "isTemplate": false,
    "count": 0,
    "lang": "en",
    "updated": 0
  }
]