[
  {
    "id": "525c2988-0c78-486d-af61-499ab5fe1076",
    "data": [
      {
        "text": "phonenumber",
        "userDefined": false
      }
    ],
    "isTemplate": false,
    "count": 0,
    "lang": "en",
    "updated": 0
  },
  {
    "id": "882f8410-da9f-4245-916a-20ae613499f7",
    "data": [
      {
        "text": "Phone",
        "userDefined": false
      }
    ],
    "isTemplate": false,
    "count": 0,
    "lang": "en",
    "updated": 0
  },
  {
    "id": "7bcccdbd-9c94-49e2-a278-77b22ab66416",
    "data": [
      {
        "text": "Phone Number",
        "userDefined": false
      }
    ],
    "isTemplate": false,
    "count": 0,
    "lang": "en",
    "updated": 0
  }
]