[
  {
    "id": "3296729b-abac-49e3-a66a-0f95d6e782bf",
    "data": [
      {
        "text": "albgiang@gmail.com",
        "meta": "@sys.email",
        "alias": "email",
        "userDefined": true
      }
    ],
    "isTemplate": false,
    "count": 0,
    "lang": "en",
    "updated": 0
  },
  {
    "id": "5c624176-494f-4bea-b315-c12911dfd90f",
    "data": [
      {
        "text": "albert.giang@sjsu.edu",
        "meta": "@sys.email",
        "alias": "email",
        "userDefined": true
      }
    ],
    "isTemplate": false,
    "count": 0,
    "lang": "en",
    "updated": 0
  }
]