[
  {
    "id": "db3fdce8-34f6-4130-b51d-7a9898729eee",
    "data": [
      {
        "text": "textmessage",
        "userDefined": false
      }
    ],
    "isTemplate": false,
    "count": 0,
    "lang": "en",
    "updated": 0
  },
  {
    "id": "68eaf5b3-83a2-42e1-821c-24a72c2249a5",
    "data": [
      {
        "text": "text",
        "userDefined": false
      }
    ],
    "isTemplate": false,
    "count": 0,
    "lang": "en",
    "updated": 0
  },
  {
    "id": "0cb2c72f-0617-4245-be9c-c0044f885cde",
    "data": [
      {
        "text": "Text Message",
        "userDefined": false
      }
    ],
    "isTemplate": false,
    "count": 0,
    "lang": "en",
    "updated": 0
  }
]