[
  {
    "id": "0a5411d6-4453-4cfa-98bd-b2286f197d46",
    "data": [
      {
        "text": "(626) 823 1863",
        "meta": "@sys.phone-number",
        "alias": "phone-number",
        "userDefined": false
      }
    ],
    "isTemplate": false,
    "count": 0,
    "lang": "en",
    "updated": 0
  },
  {
    "id": "206d7576-e9f1-4a2c-b151-7006caaab415",
    "data": [
      {
        "text": "626-823-1863",
        "meta": "@sys.phone-number",
        "alias": "phone-number",
        "userDefined": false
      }
    ],
    "isTemplate": false,
    "count": 0,
    "lang": "en",
    "updated": 0
  },
  {
    "id": "b1ab64b6-2639-44f5-8353-a095ca352720",
    "data": [
      {
        "text": "(626)823-1863",
        "meta": "@sys.phone-number",
        "alias": "phone-number",
        "userDefined": false
      }
    ],
    "isTemplate": false,
    "count": 0,
    "lang": "en",
    "updated": 0
  },
  {
    "id": "ed3058b5-28b8-4730-8e1a-5e755ea117ae",
    "data": [
      {
        "text": "6268231863",
        "meta": "@sys.phone-number",
        "alias": "phone-number",
        "userDefined": false
      }
    ],
    "isTemplate": false,
    "count": 0,
    "lang": "en",
    "updated": 0
  }
]