[
  {
    "id": "29037b1d-813b-440e-bc9a-95a3811c91b5",
    "data": [
      {
        "text": "(626) 823 1863",
        "meta": "@sys.phone-number",
        "alias": "phone-number",
        "userDefined": false
      }
    ],
    "isTemplate": false,
    "count": 0,
    "lang": "en",
    "updated": 0
  },
  {
    "id": "4601ecc0-2f8e-4761-b7dc-d8a1af3fd2c0",
    "data": [
      {
        "text": "626-823-1863",
        "meta": "@sys.phone-number",
        "alias": "phone-number",
        "userDefined": false
      }
    ],
    "isTemplate": false,
    "count": 0,
    "lang": "en",
    "updated": 0
  },
  {
    "id": "a6eea0cc-814f-43f3-ba94-a741f3ea670d",
    "data": [
      {
        "text": "(626)823-1863",
        "meta": "@sys.phone-number",
        "alias": "phone-number",
        "userDefined": false
      }
    ],
    "isTemplate": false,
    "count": 0,
    "lang": "en",
    "updated": 0
  },
  {
    "id": "c41102d8-a7e6-412d-99bf-24ae7d580486",
    "data": [
      {
        "text": "6268231863",
        "meta": "@sys.phone-number",
        "alias": "phone-number",
        "userDefined": false
      }
    ],
    "isTemplate": false,
    "count": 0,
    "lang": "en",
    "updated": 0
  }
]