[
  {
    "id": "cb5d9e1c-8c08-4d33-b78a-4244ccbaa4ad",
    "data": [
      {
        "text": "When will the vaccine be available to me",
        "userDefined": false
      }
    ],
    "isTemplate": false,
    "count": 0,
    "lang": "en",
    "updated": 0
  },
  {
    "id": "a9edeb0c-7be3-4865-9b94-cc782c5b6b67",
    "data": [
      {
        "text": "What vaccine tier do I belong to?",
        "userDefined": false
      }
    ],
    "isTemplate": false,
    "count": 0,
    "lang": "en",
    "updated": 0
  },
  {
    "id": "36aecbea-01a3-4f35-97e8-d2fbf96ceb5e",
    "data": [
      {
        "text": "When can I get my vaccine?",
        "userDefined": false
      }
    ],
    "isTemplate": false,
    "count": 0,
    "lang": "en",
    "updated": 0
  }
]