[
  {
    "id": "9107fdf9-a670-4dbb-8346-5d5f80758b4b",
    "data": [
      {
        "text": "My name is ",
        "userDefined": false
      },
      {
        "text": "Albert Giang",
        "meta": "@sys.person",
        "alias": "person",
        "userDefined": false
      }
    ],
    "isTemplate": false,
    "count": 0,
    "lang": "en",
    "updated": 0
  },
  {
    "id": "1259e5f7-85a2-4e1a-966b-5259f4c5e6e1",
    "data": [
      {
        "text": "My name is ",
        "userDefined": false
      },
      {
        "text": "Albert",
        "meta": "@sys.person",
        "alias": "person",
        "userDefined": false
      }
    ],
    "isTemplate": false,
    "count": 0,
    "lang": "en",
    "updated": 0
  },
  {
    "id": "be982263-380c-4acb-aa3c-5152b656b0d6",
    "data": [
      {
        "text": "Albert",
        "meta": "@sys.person",
        "alias": "person",
        "userDefined": false
      }
    ],
    "isTemplate": false,
    "count": 0,
    "lang": "en",
    "updated": 0
  }
]