[
  {
    "id": "f7d764e7-ea89-4f7c-8cb4-a0afcdd10556",
    "data": [
      {
        "text": "Do i still need to wear a mask around others",
        "userDefined": false
      }
    ],
    "isTemplate": false,
    "count": 0,
    "lang": "en",
    "updated": 0
  },
  {
    "id": "b13941a8-eb94-4ed2-bd8b-c70ed993cc0f",
    "data": [
      {
        "text": "Do I still need to wear a mask",
        "userDefined": false
      }
    ],
    "isTemplate": false,
    "count": 0,
    "lang": "en",
    "updated": 0
  },
  {
    "id": "b649121f-e000-4bab-a3d6-9658267a08a7",
    "data": [
      {
        "text": "wearing a mask after vaccine",
        "userDefined": false
      }
    ],
    "isTemplate": false,
    "count": 0,
    "lang": "en",
    "updated": 0
  },
  {
    "id": "ab9882b4-db80-4f48-a7de-ce33b65ce056",
    "data": [
      {
        "text": "Do I still need to wear a mask after I get the vaccine",
        "userDefined": false
      }
    ],
    "isTemplate": false,
    "count": 0,
    "lang": "en",
    "updated": 0
  },
  {
    "id": "3f49288e-e2d4-4361-9555-c9c4195803aa",
    "data": [
      {
        "text": "Do I need to wear a mask and avoid close contact with others if I have gotten 2 doses of the vaccine",
        "userDefined": false
      }
    ],
    "isTemplate": false,
    "count": 0,
    "lang": "en",
    "updated": 0
  }
]