[
  {
    "id": "3a91c8b0-6ade-4227-891b-bf880b1e8971",
    "data": [
      {
        "text": "what companies are making the vaccine",
        "userDefined": false
      }
    ],
    "isTemplate": false,
    "count": 0,
    "lang": "en",
    "updated": 0
  },
  {
    "id": "eb5055ef-753a-4bbb-bec1-0415306b3a13",
    "data": [
      {
        "text": "What vaccines are currently available",
        "userDefined": false
      }
    ],
    "isTemplate": false,
    "count": 0,
    "lang": "en",
    "updated": 0
  }
]