[
  {
    "id": "ba0833c1-a237-4d7f-8d17-817cf93850dc",
    "data": [
      {
        "text": "which places offer the vaccine",
        "userDefined": false
      }
    ],
    "isTemplate": false,
    "count": 0,
    "lang": "en",
    "updated": 0
  },
  {
    "id": "b7fb253c-5722-48a4-9f6c-0f92d1a317ed",
    "data": [
      {
        "text": "where can I get the vaccine",
        "userDefined": false
      }
    ],
    "isTemplate": false,
    "count": 0,
    "lang": "en",
    "updated": 0
  },
  {
    "id": "28bdfa9d-4f07-4943-8ed1-25142f215c7d",
    "data": [
      {
        "text": "Where Do I get the vaccine",
        "userDefined": false
      }
    ],
    "isTemplate": false,
    "count": 0,
    "lang": "en",
    "updated": 0
  }
]